<?xml version="1.0" ?>
<archetype>
	<id>castor-archetype-cpa-testcase</id>
	<testSources>
		<source>src/test/java/org/castor/cpa/test/TestJDOManager.java</source>
        <source>src/test/java/org/castor/cpa/test/entity/Entity.java</source>
	</testSources>
	<testResources>
        <resource>src/test/resources/org/castor/cpa/test/script.sql</resource>
		<resource>src/test/resources/org/castor/cpa/test/jdo-conf.xml</resource>
		<resource>src/test/resources/org/castor/cpa/test/mapping.xml</resource>
		<resource>src/test/resources/org/castor/cpa/test/README.txt</resource>
        <resource>src/test/resources/log4j.xml</resource>
	</testResources>
</archetype>
